{"cameraMode":{"drawMode":0,"name":"Shaded","section":"Shading Mode"},"sceneLighting":false,"audioPlay":false,"sceneViewState":{"showFog":true,"showMaterialUpdate":true,"showSkybox":true,"showFlares":true,"showImageEffects":true,"showParticleSystems":true},"in2DMode":false,"pivot":{"x":0.06723308563232422,"y":0.026906490325927736,"z":-0.08508110046386719},"rotation":{"x":-0.08535709232091904,"y":0.9021254777908325,"z":-0.20961882174015046,"w":-0.367346853017807},"size":10.0,"orthographic":false}